,best_AR_epoch,AP,AP0.5,AP0.95,APM,APL,AR,AR0.5,AR0.95,ARM,ARL,arch,regime,domain
dla_1x_color,130.0,0.4586453731614191,0.7202209287450945,0.49985297397249495,0.32084687845260057,0.5885793548946818,0.5624999999999999,0.8392857142857143,0.6142857142857143,0.47711864406779664,0.6592105263157895,dla,1x,color
dla_1x_color_finetune_50e_bs32_mb8_lr5e-4,46.0,0.6565650565684181,0.9298617987971467,0.763840557221225,0.6087201829801343,0.7141725916440763,0.7514285714285714,0.9678571428571429,0.8535714285714285,0.702542372881356,0.805921052631579,dla,1x,color
dla_1x_color_finetune_50e_bs32_mb8_lr5e-4_wd35-45,48.0,0.6268061442887896,0.9004740871419854,0.7434659560084159,0.5251203722908965,0.72223981702152,0.73,0.9607142857142857,0.825,0.6550847457627118,0.8032894736842104,dla,1x,color
dla_1x_color_finetune_50e_bs32_mb8_lr5e-4_wd40-47,48.0,0.6493704302790398,0.9065058410711705,0.7725948658674416,0.6073245351375824,0.7113883037193769,0.7442857142857143,0.9571428571428572,0.8357142857142857,0.7084745762711864,0.7960526315789472,dla,1x,color
dla_1x_color_finetune_bs16_mb8_lr5e-3,8.0,0.00176687204971377,0.011652921900344643,0.0,0.0016087068580310886,0.0028933944064460813,0.031071428571428573,0.15357142857142858,0.0,0.008474576271186442,0.0506578947368421,dla,1x,color
dla_1x_color_finetune_bs16_mb8_lr5e-4,8.0,0.5992007926748132,0.9025459993086502,0.7129262988000663,0.5406814185208604,0.7012467785565054,0.71,0.9535714285714286,0.8178571428571428,0.6618644067796611,0.7690789473684212,dla,1x,color
dla_1x_color_finetune_bs16_mb8_lr5e-5,10.0,0.5652351964228554,0.8766064812844601,0.6567841282431285,0.4800984822586691,0.6731574111645859,0.6735714285714286,0.95,0.7571428571428571,0.6135593220338984,0.7421052631578948,dla,1x,color
dla_1x_color_finetune_bs32_mb8_lr5e-3,2.0,0.0015996214005241597,0.01124858739843724,0.0,0.0006481555260358249,0.005183614451897606,0.034999999999999996,0.16785714285714284,0.0,0.021186440677966104,0.04802631578947369,dla,1x,color
dla_1x_color_finetune_bs32_mb8_lr5e-4,10.0,0.6003505654823598,0.8962456424234568,0.7156265297531718,0.5204298474403075,0.7123606673922225,0.7124999999999999,0.9571428571428572,0.8214285714285714,0.6423728813559323,0.7934210526315789,dla,1x,color
dla_1x_color_finetune_bs32_mb8_lr5e-5,10.0,0.5517406486422165,0.8768937005917418,0.6181648883901162,0.47567793475982006,0.6468001621465016,0.6485714285714286,0.9464285714285714,0.7178571428571429,0.5983050847457627,0.7118421052631579,dla,1x,color
dla_1x_color_finetune_bs56_mb8_lr5e-3,2.0,0.0029113631387729564,0.01906522918834077,0.0,0.003050762553920526,0.004880032600826,0.062142857142857146,0.2785714285714286,0.0,0.05338983050847458,0.07302631578947369,dla,1x,color
dla_1x_color_finetune_bs56_mb8_lr5e-4,10.0,0.6057535036121294,0.8962402877772119,0.7217167499647317,0.5290535029047193,0.7139587033697601,0.7096428571428571,0.95,0.8214285714285714,0.6533898305084747,0.7717105263157895,dla,1x,color
dla_1x_color_finetune_bs56_mb8_lr5e-5,10.0,0.525007397868969,0.8488480303107321,0.6125978512994416,0.45121008790250955,0.6122111036921678,0.6289285714285714,0.9321428571428572,0.7178571428571429,0.5779661016949152,0.6881578947368421,dla,1x,color
dla_1x_color_finetune_bs8_mb8_lr5e-3,8.0,5.168875416588866e-05,0.0003406682585212248,0.0,1.469334645829974e-05,9.85311662182709e-05,0.008214285714285714,0.04642857142857143,0.0,0.00423728813559322,0.011842105263157893,dla,1x,color
dla_1x_color_finetune_bs8_mb8_lr5e-4,6.0,0.5782721276985638,0.888987353433072,0.6577815541431565,0.513395051299805,0.6973093661362241,0.6989285714285713,0.9464285714285714,0.7857142857142857,0.6406779661016949,0.7703947368421054,dla,1x,color
dla_1x_color_finetune_bs8_mb8_lr5e-5,8.0,0.5703923000097552,0.893672328435861,0.6559353298950453,0.4774264812963006,0.7038751298294925,0.6821428571428572,0.9642857142857143,0.7678571428571429,0.6076271186440678,0.7644736842105263,dla,1x,color
dla_1x_thermal,120.0,0.4850158868435416,0.7347768346854404,0.5580311541996151,0.38160869891977195,0.5946696860665446,0.5817857142857144,0.8357142857142857,0.65,0.5186440677966102,0.6546052631578947,dla,1x,thermal
dla_1x_thermal_finetune_30e,49.0,0.6590539027476249,0.9545559012015034,0.7764606946823277,0.6271942661683371,0.7102684530872403,0.7521428571428572,0.9857142857142858,0.8571428571428571,0.711864406779661,0.7980263157894736,dla,1x,thermal
dla_1x_thermal_finetune_50e_bs16_lr5e-4,24.0,0.6386884303318987,0.8916722119186966,0.7688956984316737,0.5474294174798273,0.7325605180270334,0.7492857142857143,0.9642857142857143,0.8607142857142858,0.6855932203389831,0.8105263157894737,dla,1x,thermal
dla_1x_thermal_finetune_50e_bs16_lr5e-4_wd35-45,48.0,0.6676329044391484,0.9473120399479555,0.7625484460195273,0.6068632496071786,0.7294798629678285,0.7553571428571428,0.9785714285714285,0.8357142857142857,0.7076271186440678,0.805921052631579,dla,1x,thermal
dla_1x_thermal_finetune_50e_bs16_lr5e-4_wd40-48,22.0,0.6528667785467116,0.9392876577603633,0.782776816039647,0.5855793424212128,0.7288508989512683,0.7539285714285715,0.9857142857142858,0.8642857142857143,0.6932203389830509,0.8105263157894738,dla,1x,thermal
dla_1x_thermal_finetune_50e_wd35-45,40.0,0.6631924068424017,0.9638997113424403,0.7869063239712992,0.607279581559479,0.7387169193348585,0.7578571428571429,0.9892857142857143,0.8642857142857143,0.7,0.8197368421052632,dla,1x,thermal
dla_1x_thermal_finetune_50e_wd40-47,40.0,0.6691547619051058,0.9401004914327227,0.81863623185888,0.5943949647781512,0.7405326524691386,0.7510714285714285,0.9714285714285714,0.8714285714285714,0.6923728813559322,0.8118421052631579,dla,1x,thermal
dla_1x_thermal_finetune_5e-3,7.0,0.4166835038838318,0.8203394078408659,0.3780988141575264,0.40532238485731764,0.474957206507864,0.5260714285714285,0.8928571428571429,0.55,0.5135593220338983,0.5552631578947369,dla,1x,thermal
dla_1x_thermal_finetune_5e-4,9.0,0.5264210969146326,0.8357491970912224,0.5906765927105319,0.437193582374387,0.623896174825545,0.6174999999999999,0.9035714285714286,0.7,0.5516949152542373,0.6901315789473684,dla,1x,thermal
dla_1x_thermal_finetune_5e-5,9.0,0.5050426421330092,0.8167536360297021,0.5749160481547017,0.4102194582963383,0.6178041194467205,0.6167857142857143,0.8964285714285715,0.7035714285714286,0.5491525423728814,0.6907894736842105,dla,1x,thermal
dla_1x_thermal_finetune_5e-6,1.0,0.4548806281913447,0.7042996204617731,0.5103876621562993,0.36332560986418255,0.5554607425255843,0.5553571428571428,0.8142857142857143,0.6035714285714285,0.5,0.6217105263157896,dla,1x,thermal
dla_1x_thermal_finetune_bs16_mb8_lr5e-3,4.0,0.00039526709831284927,0.002461151829304699,0.0,0.0010713485859571074,0.0005857350304733032,0.02035714285714286,0.08928571428571429,0.0,0.006779661016949152,0.03223684210526316,dla,1x,thermal
dla_1x_thermal_finetune_bs16_mb8_lr5e-4,10.0,0.6170570948214523,0.9129398188021061,0.7280507607466916,0.5539775261450208,0.7149204666425474,0.72,0.9714285714285714,0.8142857142857143,0.6601694915254237,0.7855263157894737,dla,1x,thermal
dla_1x_thermal_finetune_bs16_mb8_lr5e-5,10.0,0.5584690661533436,0.8644225858933676,0.6396805733253838,0.47807790038632103,0.6755528059645752,0.6728571428571428,0.9357142857142857,0.7607142857142857,0.6042372881355933,0.7519736842105263,dla,1x,thermal
dla_1x_thermal_finetune_bs32_mb8_lr5e-3,2.0,0.0888985666702731,0.3615528447479733,0.01736813841758382,0.08342011029232688,0.1249141781639206,0.1732142857142857,0.5892857142857143,0.04285714285714286,0.14576271186440676,0.20394736842105265,dla,1x,thermal
dla_1x_thermal_finetune_bs32_mb8_lr5e-4,10.0,0.591345560409581,0.8787678756015095,0.7047914496712583,0.5139609311778673,0.70481116126791,0.7082142857142857,0.95,0.8178571428571428,0.6398305084745762,0.7855263157894737,dla,1x,thermal
dla_1x_thermal_finetune_bs32_mb8_lr5e-5,10.0,0.5380336629596418,0.8440894636638216,0.6255701727882386,0.46536561576970054,0.6426406539404599,0.6453571428571429,0.9178571428571428,0.7357142857142858,0.5822033898305085,0.7177631578947369,dla,1x,thermal
dla_1x_thermal_finetune_bs8_mb8_lr5e-3,8.0,0.0011940584261924759,0.010271472572188264,0.0,1.0841659392761486e-05,0.0016426359356483222,0.0075000000000000015,0.05,0.0,0.006779661016949152,0.008552631578947369,dla,1x,thermal
dla_1x_thermal_finetune_bs8_mb8_lr5e-4,10.0,0.6088637391017522,0.9035768617665979,0.7299898096699877,0.5353114508325644,0.7247951528474699,0.7153571428571428,0.9535714285714286,0.825,0.6516949152542373,0.7888157894736841,dla,1x,thermal
dla_1x_thermal_finetune_bs8_mb8_lr5e-5,8.0,0.5501312806204839,0.8514271095968869,0.638455645713422,0.45158403344121023,0.6796424985925039,0.6717857142857142,0.9321428571428572,0.7642857142857142,0.5991525423728814,0.7519736842105262,dla,1x,thermal
dla_3x_gray,285.0,0.5363227611435776,0.7945624727095547,0.6146273421423513,0.4603075934730647,0.6201362561648859,0.6203571428571429,0.875,0.6964285714285714,0.5627118644067797,0.6907894736842105,dla,3x,gray
dla_3x_gray_0frz,50.0,0.6915995975688111,0.934977295791108,0.8039721180787307,0.6219561655952409,0.7690952145083686,0.7717857142857143,0.9714285714285714,0.8678571428571429,0.7169491525423728,0.8368421052631577,dla,3x,gray
dla_3x_gray_1frz,45.0,0.68859816164037,0.9409464082905945,0.8152654262940687,0.6174779670317224,0.7716459932700714,0.7664285714285713,0.9642857142857143,0.8714285714285714,0.7042372881355932,0.8368421052631578,dla,3x,gray
dla_3x_gray_2frz,50.0,0.6811578552583339,0.9377850370046557,0.7966813437829467,0.6016966260708227,0.7653499163731,0.7635714285714286,0.9678571428571429,0.8607142857142858,0.7059322033898306,0.8289473684210525,dla,3x,gray
dla_3x_gray_384,290.0,0.47733860160494346,0.737716490724285,0.5587852457790756,0.3792279057047901,0.5640131427994743,0.5807142857142857,0.8464285714285714,0.65,0.5322033898305085,0.6381578947368421,dla,3x,gray
dla_3x_gray_384_0frz,50.0,0.7036215382607056,0.9306543737121175,0.8336842218763705,0.6507331780296532,0.7547506104842361,0.7803571428571427,0.975,0.8892857142857142,0.7457627118644068,0.8184210526315789,dla,3x,gray
dla_3x_gray_3frz,40.0,0.6638370855390284,0.9353835981529611,0.7550184390581366,0.5924939449326806,0.7434146042662028,0.7628571428571428,0.9785714285714285,0.8535714285714285,0.7127118644067796,0.8236842105263158,dla,3x,gray
dla_3x_gray_4frz,40.0,0.6351802337365104,0.9148673106277498,0.7211584553277908,0.5415447776438154,0.7376580133789346,0.7278571428571429,0.9607142857142857,0.8142857142857143,0.6593220338983051,0.805921052631579,dla,3x,gray
dla_3x_gray_backbonefrz_mb8_bs16_lr5e-2,4.0,0.0,0.0,0.0,0.0,0.0,0.0,0.0,0.0,0.0,0.0,dla,3x,gray
dla_3x_gray_backbonefrz_mb8_bs16_lr5e-3,8.0,0.45234114396414227,0.7456437812179102,0.511318081097684,0.4206955716998038,0.5519296784534132,0.5792857142857143,0.85,0.6392857142857142,0.552542372881356,0.6203947368421053,dla,3x,gray
dla_3x_gray_backbonefrz_mb8_bs16_lr5e-4,10.0,0.4818195412482162,0.7364024466902284,0.540091161757513,0.42240630946178465,0.5758977125764679,0.5785714285714285,0.8321428571428572,0.625,0.5338983050847458,0.6348684210526316,dla,3x,gray
dla_3x_gray_backbonefrz_mb8_bs16_lr5e-5,2.0,0.5001704942635468,0.7338115034876239,0.5669659018318274,0.42681503779185537,0.5799447524693612,0.5842857142857143,0.825,0.6428571428571429,0.5491525423728814,0.6342105263157894,dla,3x,gray
dla_3x_gray_backbonefrz_mb8_bs16_lr5e-6,10.0,0.49828329509245994,0.7357324256439455,0.5818386030060179,0.42222287996923913,0.5812478946240944,0.5774999999999999,0.8178571428571428,0.65,0.5355932203389829,0.6342105263157894,dla,3x,gray
dla_3x_gray_backbonefrz_mb8_bs32_lr5e-2,4.0,0.0014252560229596927,0.0038478845928834964,0.0006050828273941274,0.008859739743100972,0.0,0.1025,0.21785714285714286,0.08928571428571429,0.22288135593220337,0.0,dla,3x,gray
dla_3x_gray_backbonefrz_mb8_bs32_lr5e-3,8.0,0.5016741857057453,0.778403391933193,0.5697397046731876,0.4413646552181063,0.5889907075769206,0.5971428571428572,0.8607142857142858,0.65,0.5610169491525423,0.6473684210526317,dla,3x,gray
dla_3x_gray_backbonefrz_mb8_bs32_lr5e-4,10.0,0.49229094089513264,0.741522227011659,0.5682705683633912,0.42814928646352274,0.5771226041979204,0.5821428571428571,0.825,0.6428571428571429,0.5423728813559322,0.6335526315789474,dla,3x,gray
dla_3x_gray_backbonefrz_mb8_bs32_lr5e-5,2.0,0.5072961385799111,0.737753215265516,0.5866412493851116,0.42923714402110086,0.5910116545600311,0.5892857142857143,0.8214285714285714,0.6571428571428571,0.5474576271186441,0.6447368421052632,dla,3x,gray
dla_3x_gray_backbonefrz_mb8_bs32_lr5e-6,4.0,0.5044807842229173,0.7392874546825186,0.5775724434645677,0.41872418994890825,0.5962554462195855,0.5846428571428571,0.8178571428571428,0.6535714285714286,0.5355932203389829,0.6453947368421054,dla,3x,gray
dla_3x_gray_backbonefrz_mb8_bs56_lr5e-2,2.0,0.0002755519040418935,0.0013308051371079502,0.0,0.0010191266825492979,0.0,0.03749999999999999,0.1357142857142857,0.0,0.0847457627118644,0.0,dla,3x,gray
dla_3x_gray_backbonefrz_mb8_bs56_lr5e-3,10.0,0.4701025559106375,0.7338959939877899,0.5272152745301146,0.4173913211812881,0.57319352759518,0.5810714285714286,0.8357142857142857,0.6357142857142857,0.544915254237288,0.631578947368421,dla,3x,gray
dla_3x_gray_backbonefrz_mb8_bs56_lr5e-4,2.0,0.5043857502469992,0.754272513797972,0.5693834245893753,0.44753850873106066,0.5769688496999865,0.5835714285714285,0.825,0.6392857142857142,0.5508474576271186,0.6335526315789475,dla,3x,gray
dla_3x_gray_backbonefrz_mb8_bs56_lr5e-5,2.0,0.5072961891704596,0.7471371140634189,0.5997018226227108,0.44469461848431613,0.5838972663923495,0.5839285714285715,0.8142857142857143,0.6642857142857143,0.5457627118644067,0.6394736842105264,dla,3x,gray
dla_3x_gray_backbonefrz_mb8_bs56_lr5e-6,2.0,0.5157725051457843,0.7581911933927744,0.5978923902706407,0.44234156827648885,0.600708161003356,0.5942857142857143,0.8357142857142857,0.6607142857142857,0.5449152542372881,0.6559210526315791,dla,3x,gray
dla_3x_gray_backbonefrz_mb8_bs8_lr5e-2,2.0,3.135306681914505e-05,0.00010331467929401636,0.0,6.367196205151062e-06,0.0,0.005,0.014285714285714285,0.0,0.001694915254237288,0.0,dla,3x,gray
dla_3x_gray_backbonefrz_mb8_bs8_lr5e-3,4.0,0.4651243290009695,0.7524162798372139,0.5464376728899556,0.4193424552123051,0.5434257814150689,0.5578571428571428,0.8357142857142857,0.6285714285714286,0.5347457627118645,0.5973684210526315,dla,3x,gray
dla_3x_gray_backbonefrz_mb8_bs8_lr5e-4,10.0,0.472485452990763,0.7307671774637895,0.5403206730457564,0.4268645832000531,0.5644067130243671,0.5796428571428571,0.8357142857142857,0.6428571428571429,0.5415254237288136,0.6296052631578948,dla,3x,gray
dla_3x_gray_backbonefrz_mb8_bs8_lr5e-5,8.0,0.4934004946700279,0.7306876305028537,0.5643089374686329,0.42695105641906633,0.5699675605099842,0.5828571428571429,0.8392857142857143,0.6464285714285715,0.5466101694915254,0.6302631578947369,dla,3x,gray
dla_3x_gray_backbonefrz_mb8_bs8_lr5e-6,8.0,0.4938733706887212,0.7290389103079465,0.5598431873566017,0.42435319497096546,0.571099120152558,0.5821428571428571,0.825,0.6464285714285715,0.5457627118644068,0.631578947368421,dla,3x,gray
dla_3x_gray_finetune,36.0,0.692204642403247,0.9412036043335685,0.7867360398539862,0.6357871436175808,0.7605165938118439,0.767857142857143,0.9714285714285714,0.8464285714285714,0.7228813559322034,0.8256578947368421,dla,3x,gray
dla_3x_gray_finetune_384,45.0,0.694449014619615,0.925582751612193,0.8263249926095179,0.6286314231506932,0.7525739035449719,0.7678571428571429,0.9678571428571429,0.8857142857142857,0.7194915254237289,0.8184210526315789,dla,3x,gray
dla_3x_gray_finetune_mb8_bs16_lr3e-4,35.0,0.6912916619679549,0.9497669569809918,0.8077563617979897,0.6331307474499708,0.7560979991418095,0.7685714285714286,0.975,0.8678571428571429,0.721186440677966,0.8256578947368421,dla,3x,gray
dla_3x_gray_finetune_mb8_bs16_lr4e-4,35.0,0.6677943380470449,0.9252759611304001,0.7793204410013881,0.5988070605339533,0.7442494261562287,0.7617857142857142,0.9714285714285714,0.8642857142857143,0.7067796610169491,0.8243421052631579,dla,3x,gray
dla_3x_gray_finetune_mb8_bs16_lr6e-4,50.0,0.6832681675854073,0.9215494951820858,0.7884562966736749,0.6171682765152287,0.7581332923643817,0.7639285714285714,0.9642857142857143,0.8535714285714285,0.7067796610169491,0.830263157894737,dla,3x,gray
dla_3x_gray_finetune_mb8_bs16_lr7e-4,50.0,0.681582642240716,0.9415756337120639,0.7702866312138065,0.6213078967904517,0.7545461582618744,0.7696428571428571,0.9785714285714285,0.8571428571428571,0.7161016949152542,0.8315789473684209,dla,3x,gray
hg_1x_color,40.0,0.4705567265553323,0.7242449719104612,0.5333784942616066,0.4087318761086658,0.5447039535040908,0.5696428571428572,0.8178571428571428,0.6428571428571429,0.5313559322033898,0.625,hg,1x,color
hg_1x_color_finetune_20e,20.0,0.6676787754081486,0.9235246259164706,0.806681060297353,0.6353485319792033,0.7308412454908517,0.7592857142857142,0.9607142857142857,0.8714285714285714,0.7245762711864409,0.8105263157894737,hg,1x,color
hg_1x_color_finetune_20e_wd10-17,20.0,0.6626997324587758,0.9240558445842805,0.8080577197284535,0.6248570204161117,0.7448205836918125,0.7585714285714287,0.9642857142857143,0.8785714285714286,0.7169491525423728,0.8164473684210526,hg,1x,color
hg_1x_color_finetune_20e_wd15-18,18.0,0.6684938087891213,0.9396702209276878,0.7561833066802349,0.6399266104040547,0.7305946502364465,0.7585714285714287,0.9678571428571429,0.8428571428571429,0.7254237288135593,0.8072368421052631,hg,1x,color
hg_1x_color_finetune_bs16_mb4_lr2.5e-3,3.0,0.480171151636361,0.8809995805926648,0.4739496432120597,0.46471080842786583,0.5411444639015766,0.6096428571428572,0.9428571428571428,0.6571428571428571,0.6110169491525423,0.6269736842105262,hg,1x,color
hg_1x_color_finetune_bs16_mb4_lr2.5e-4,5.0,0.6385921930506311,0.9209356604592724,0.7700808543874992,0.5919818280069009,0.7306929230257545,0.7382142857142857,0.9607142857142857,0.85,0.6923728813559322,0.7947368421052631,hg,1x,color
hg_1x_color_finetune_bs16_mb4_lr2.5e-5,5.0,0.5599918323805539,0.8455817931908413,0.6614423747137936,0.5037546749983409,0.635122055863095,0.6425,0.9107142857142857,0.7392857142857143,0.6076271186440679,0.6967105263157894,hg,1x,color
hg_1x_color_finetune_bs24_mb4_lr2.5e-3,4.0,0.4774837954705234,0.8659412943843677,0.4873557102468701,0.49338215118012024,0.506712361460797,0.5821428571428571,0.9142857142857143,0.6285714285714286,0.6084745762711864,0.5789473684210527,hg,1x,color
hg_1x_color_finetune_bs24_mb4_lr2.5e-4,5.0,0.6421256249275814,0.9078529427001419,0.7910750174067633,0.5944466937733723,0.7226977761446081,0.7342857142857143,0.9535714285714286,0.8607142857142858,0.6872881355932204,0.7940789473684211,hg,1x,color
hg_1x_color_finetune_bs24_mb4_lr2.5e-5,5.0,0.5426791526667643,0.8344392673699993,0.6082621663265533,0.48298575977497354,0.6197423607662916,0.6342857142857143,0.9071428571428571,0.7214285714285714,0.5957627118644069,0.6901315789473685,hg,1x,color
hg_1x_color_finetune_bs4_mb4_lr2.5e-3,2.0,0.324364007826177,0.7492169003500098,0.21120780166329647,0.35596913468830393,0.3109907505947844,0.4367857142857143,0.8571428571428571,0.38571428571428573,0.4711864406779661,0.4203947368421052,hg,1x,color
hg_1x_color_finetune_bs4_mb4_lr2.5e-4,5.0,0.630789061919305,0.920421072448464,0.7937858952658832,0.6035435573970213,0.7023331484061373,0.7353571428571428,0.9678571428571429,0.8678571428571429,0.7076271186440677,0.7776315789473685,hg,1x,color
hg_1x_color_finetune_bs4_mb4_lr2.5e-5,5.0,0.5561176023612593,0.8412455397913431,0.6631548317714288,0.4822517531143219,0.6806879004429583,0.6717857142857143,0.9321428571428572,0.7821428571428571,0.6152542372881357,0.7453947368421054,hg,1x,color
hg_1x_color_finetune_bs8_mb4_lr2.5e-3,5.0,0.4205417549532838,0.7884286071354144,0.4460821407168875,0.4086847706277294,0.4842580837494875,0.5453571428571429,0.8928571428571429,0.5821428571428572,0.547457627118644,0.5638157894736843,hg,1x,color
hg_1x_color_finetune_bs8_mb4_lr2.5e-4,5.0,0.6375817601251034,0.9404939522899075,0.7466856318972992,0.5993804692286699,0.7187096461650029,0.74,0.9714285714285714,0.8357142857142857,0.7093220338983051,0.7875,hg,1x,color
hg_1x_color_finetune_bs8_mb4_lr2.5e-5,5.0,0.5831772823760727,0.8588707371114122,0.6817901858445606,0.5290303568885667,0.6696785458812332,0.6782142857142858,0.9214285714285714,0.7785714285714286,0.635593220338983,0.7401315789473684,hg,1x,color
hg_1x_thermal,50.0,0.48195160754721655,0.7357327988212804,0.5359772528079112,0.4032814559561052,0.5708774955898573,0.5814285714285715,0.8357142857142857,0.65,0.5440677966101696,0.6401315789473685,hg,1x,thermal
hg_1x_thermal_finetune_20e,12.0,0.6544435913856349,0.9229751691464442,0.7847010708589555,0.6176260422347501,0.722030490630637,0.7571428571428571,0.9642857142857143,0.8714285714285714,0.7203389830508475,0.8072368421052631,hg,1x,thermal
hg_1x_thermal_finetune_20e_wd10-17,18.0,0.6719386341559654,0.9128371548851856,0.8247458414140093,0.6286478825680917,0.7438797831557861,0.7607142857142857,0.9571428571428572,0.8857142857142857,0.723728813559322,0.8118421052631579,hg,1x,thermal
hg_1x_thermal_finetune_20e_wd15-18,20.0,0.6723378665944243,0.9360063144122194,0.7942787752794738,0.6260524631366152,0.7407864669745081,0.7635714285714286,0.9642857142857143,0.8714285714285714,0.726271186440678,0.8157894736842104,hg,1x,thermal
hg_1x_thermal_finetune_30e_wd15-18,26.0,0.6702430848300412,0.9188137328219013,0.7807188703158208,0.6228658482188973,0.740204300537632,0.7632142857142857,0.9642857142857143,0.8571428571428571,0.728813559322034,0.8144736842105263,hg,1x,thermal
hg_1x_thermal_finetune_bs16_mb4_lr2.5e-3,4.0,0.4749003829508136,0.8654408777086953,0.46929352092541565,0.4670071109871357,0.5170589177111075,0.6000000000000001,0.9392857142857143,0.65,0.6101694915254238,0.5973684210526317,hg,1x,thermal
hg_1x_thermal_finetune_bs16_mb4_lr2.5e-4,5.0,0.6395385888252998,0.9187086058633288,0.7675819835344918,0.589950312141457,0.7372369186468609,0.7407142857142857,0.9678571428571429,0.8535714285714285,0.6966101694915255,0.7953947368421053,hg,1x,thermal
hg_1x_thermal_finetune_bs16_mb4_lr2.5e-5,5.0,0.5416180004344436,0.812674361584525,0.6167583195567755,0.5004746854328149,0.6203775342241108,0.6432142857142857,0.8821428571428571,0.7321428571428571,0.6144067796610171,0.6953947368421053,hg,1x,thermal
hg_1x_thermal_finetune_bs24_mb4_lr2.5e-3,5.0,0.535154346614928,0.9140496683690278,0.5988492311410354,0.5444715439564602,0.5880350380794637,0.6403571428571428,0.9678571428571429,0.7321428571428571,0.6449152542372881,0.6625,hg,1x,thermal
hg_1x_thermal_finetune_bs24_mb4_lr2.5e-4,5.0,0.6075808751108659,0.9111520842054319,0.688389896118786,0.6078512792130324,0.6979733159812537,0.7267857142857143,0.9642857142857143,0.825,0.7033898305084747,0.7763157894736843,hg,1x,thermal
hg_1x_thermal_finetune_bs24_mb4_lr2.5e-5,5.0,0.5330434691309557,0.7971097814906652,0.6281238120526228,0.48675998489854233,0.6089805161812596,0.6321428571428572,0.8785714285714286,0.7321428571428571,0.6059322033898306,0.6796052631578948,hg,1x,thermal
hg_1x_thermal_finetune_bs4_mb4_lr2.5e-3,4.0,0.19748166133623296,0.536664348963787,0.12298844578754775,0.22290159537254298,0.19098685479935198,0.3496428571428572,0.7678571428571429,0.30357142857142855,0.3932203389830508,0.3203947368421053,hg,1x,thermal
hg_1x_thermal_finetune_bs4_mb4_lr2.5e-4,3.0,0.597183183490014,0.8946316649466797,0.6892634265848957,0.5657639663772883,0.6673601889431031,0.7178571428571429,0.9678571428571429,0.8178571428571428,0.6932203389830508,0.7631578947368421,hg,1x,thermal
hg_1x_thermal_finetune_bs4_mb4_lr2.5e-5,5.0,0.5323332659130682,0.807558159982581,0.5929933464461439,0.47232097064389755,0.6384817370649606,0.6475,0.8964285714285715,0.7321428571428571,0.6033898305084746,0.7111842105263158,hg,1x,thermal
hg_1x_thermal_finetune_bs8_mb4_lr2.5e-3,4.0,0.4399574486208875,0.8177803458392541,0.4294700212084601,0.4473415846141032,0.46809105705244813,0.5514285714285714,0.9107142857142857,0.5892857142857143,0.5644067796610169,0.5592105263157895,hg,1x,thermal
hg_1x_thermal_finetune_bs8_mb4_lr2.5e-4,4.0,0.6524365590840963,0.9179988422317457,0.7757234020084447,0.6219019163000955,0.7248731349089675,0.7446428571428572,0.9642857142857143,0.8607142857142858,0.716949152542373,0.7960526315789473,hg,1x,thermal
hg_1x_thermal_finetune_bs8_mb4_lr2.5e-5,5.0,0.5519793771998147,0.8364032343493886,0.6437076438658452,0.5151927830672387,0.6280165786600511,0.6525000000000001,0.9,0.7571428571428571,0.6245762711864407,0.7046052631578947,hg,1x,thermal
hg_3x_gray,150.0,0.5464953467582088,0.7744981421597437,0.62705774368379,0.4679498211730346,0.6283379755297829,0.64,0.8642857142857143,0.7214285714285714,0.5974576271186441,0.7013157894736842,hg,3x,gray
hg_3x_gray_0frz,18.0,0.7172394033199828,0.9419681777566227,0.833510042086601,0.6458815843542371,0.7999510883076595,0.7982142857142858,0.9785714285714285,0.8964285714285715,0.7516949152542373,0.857236842105263,hg,3x,gray
hg_3x_gray_0frz_lr3.5e-4,20.0,0.7219175888931517,0.942323557428181,0.8451926279043146,0.6718513785999373,0.7858151669296571,0.8017857142857142,0.975,0.9107142857142857,0.7661016949152544,0.8519736842105263,hg,3x,gray
hg_3x_gray_1frz,18.0,0.7134757504949785,0.9412830002502122,0.8371414952398638,0.6614928108389097,0.7780408774976355,0.7942857142857143,0.975,0.8892857142857142,0.7584745762711865,0.8460526315789473,hg,3x,gray
hg_3x_gray_2frz,20.0,0.6397347222468929,0.9002011900601039,0.7472714554858298,0.5859109695192998,0.7215078353106469,0.7453571428571429,0.9607142857142857,0.8464285714285714,0.706779661016949,0.7993421052631579,hg,3x,gray
hg_3x_gray_backbonefrz_mb4_bs16_lr2.5e-3,4.0,0.4774127149505833,0.7036113847667391,0.5442340375437802,0.4141638498237998,0.5915037838941679,0.5882142857142857,0.8142857142857143,0.65,0.5338983050847458,0.6519736842105264,hg,3x,gray
hg_3x_gray_backbonefrz_mb4_bs16_lr2.5e-4,5.0,0.5045636030433623,0.710780178433953,0.574602546214352,0.43363985554722995,0.5921004567600536,0.5903571428571428,0.8035714285714286,0.65,0.5483050847457628,0.6453947368421052,hg,3x,gray
hg_3x_gray_backbonefrz_mb4_bs16_lr2.5e-5,2.0,0.5086855220121069,0.7000750900629327,0.5907583634343833,0.4426133379773633,0.5859401539449709,0.5924999999999999,0.7821428571428571,0.6785714285714286,0.55,0.65,hg,3x,gray
hg_3x_gray_backbonefrz_mb4_bs24_lr2.5e-3,4.0,0.48814535983421903,0.7347367160238735,0.5674937818862852,0.443752060302227,0.5785014248646774,0.5842857142857143,0.8214285714285714,0.6571428571428571,0.5525423728813559,0.6335526315789474,hg,3x,gray
hg_3x_gray_backbonefrz_mb4_bs24_lr2.5e-4,5.0,0.4861109262500225,0.7053283674924363,0.5679761371761957,0.4217832088756482,0.5839493097996462,0.5771428571428572,0.7964285714285714,0.65,0.5364406779661017,0.6309210526315789,hg,3x,gray
hg_3x_gray_backbonefrz_mb4_bs24_lr2.5e-5,5.0,0.5087571676710211,0.7040882173778436,0.5954927477229324,0.4423601881945117,0.5877306311580451,0.5928571428571427,0.7964285714285714,0.6714285714285714,0.5516949152542373,0.6493421052631579,hg,3x,gray
hg_3x_gray_backbonefrz_mb4_bs4_lr2.5e-3,2.0,0.4606280151168765,0.7045246253640588,0.5255199145401976,0.4133237056143179,0.5577660427539185,0.562142857142857,0.8,0.625,0.5322033898305085,0.6072368421052632,hg,3x,gray
hg_3x_gray_backbonefrz_mb4_bs4_lr2.5e-4,5.0,0.48094070108295556,0.6977761084413683,0.5540105754891212,0.4184357689233431,0.5827944750416778,0.5792857142857143,0.7892857142857143,0.65,0.5313559322033898,0.6375000000000001,hg,3x,gray
hg_3x_gray_backbonefrz_mb4_bs4_lr2.5e-5,2.0,0.5011726882583952,0.6880040609074562,0.5798940897633293,0.43407398978062117,0.5739524799905894,0.5875,0.7892857142857143,0.6678571428571428,0.5567796610169492,0.6342105263157894,hg,3x,gray
hg_3x_gray_backbonefrz_mb4_bs8_lr2.5e-3,4.0,0.4791216389064955,0.7253003882011032,0.5538234738730351,0.426322744458809,0.5662747448570995,0.5760714285714286,0.825,0.6321428571428571,0.5466101694915254,0.6210526315789474,hg,3x,gray
hg_3x_gray_backbonefrz_mb4_bs8_lr2.5e-4,2.0,0.5026767499025282,0.7068070091912895,0.5744706846792275,0.438292846118134,0.5853664380785849,0.5907142857142857,0.8071428571428572,0.6535714285714286,0.552542372881356,0.6427631578947368,hg,3x,gray
hg_3x_gray_backbonefrz_mb4_bs8_lr2.5e-5,2.0,0.5103046829723605,0.6980702751546356,0.6003181344226431,0.4441245341990351,0.5832500817412347,0.5960714285714286,0.7892857142857143,0.675,0.5584745762711865,0.6493421052631578,hg,3x,gray
hg_3x_gray_finetune,12.0,0.6961100786284052,0.9317373019112025,0.8158619298282626,0.6169272782522215,0.785798292812734,0.7882142857142856,0.975,0.8821428571428571,0.7432203389830508,0.8480263157894739,hg,3x,gray
hg_3x_gray_finetune_mb4_bs8_lr1.5e-4,10.0,0.6996059005722544,0.9218486185888014,0.8302656805975436,0.6545041750928947,0.7801088521079419,0.7921428571428571,0.9714285714285714,0.8964285714285715,0.7542372881355933,0.8453947368421053,hg,3x,gray
hg_3x_gray_finetune_mb4_bs8_lr3.5e-4,20.0,0.715721086947083,0.9436305337599269,0.8327776111298962,0.6648300370770988,0.7859088041890284,0.7967857142857142,0.9821428571428571,0.8928571428571429,0.7610169491525424,0.8500000000000002,hg,3x,gray
hg_3x_gray_finetune_mb4_bs8_lr4.5e-4,20.0,0.707158351849498,0.9303730371076222,0.8395982647882342,0.6486467394171364,0.7829774149024533,0.7892857142857143,0.9714285714285714,0.8892857142857142,0.7432203389830508,0.8453947368421053,hg,3x,gray
hg_3x_gray_finetune_mb4_bs8_lr5e-5,20.0,0.6846300638361945,0.9234292601052125,0.8186493286612577,0.6413114240873162,0.7736208659396856,0.7785714285714286,0.9678571428571429,0.8892857142857142,0.7372881355932204,0.8342105263157895,hg,3x,gray
hrnet_1x_color,95.0,0.4022865433074891,0.6144576724725258,0.43902763776514875,0.41731291006605253,0.436645495624496,0.6082142857142857,0.8464285714285714,0.6892857142857143,0.5466101694915254,0.6789473684210526,hrnet,1x,color
hrnet_1x_thermal,95.0,0.36042358679749753,0.5885644410595529,0.396902657314426,0.393844220181473,0.3872837022991846,0.5942857142857143,0.8642857142857143,0.6607142857142857,0.5296610169491526,0.6703947368421053,hrnet,1x,thermal
hrnet_32_color_lr1e-2_bs12,10.0,0.2101421547628495,0.7403205878351664,0.020932975094995587,0.2176494447345574,0.22605362633164472,0.3178571428571429,0.85,0.1357142857142857,0.3338983050847458,0.318421052631579,hrnet,32,color
hrnet_32_color_lr1e-2_bs16,10.0,0.41671495584717844,0.8154138722224077,0.3940496310469276,0.42722371550707405,0.4388421483874482,0.5003571428571428,0.8821428571428571,0.525,0.5059322033898306,0.5151315789473685,hrnet,32,color
hrnet_32_color_lr1e-2_bs4,9.0,0.11920569244862254,0.6055508456706616,0.0003173775124223491,0.1524947357643237,0.10166761947163698,0.19785714285714287,0.7571428571428571,0.010714285714285714,0.2406779661016949,0.1756578947368421,hrnet,32,color
hrnet_32_color_lr1e-2_bs8,10.0,0.19211312419890503,0.5778535985064075,0.08549367635666004,0.20547815254028653,0.19474265990603182,0.3464285714285714,0.8178571428571428,0.225,0.36016949152542377,0.34407894736842104,hrnet,32,color
hrnet_32_color_lr1e-3_bs12,9.0,0.5861017480335364,0.8382463684264664,0.690189488837695,0.5733671849597451,0.6443529433348174,0.7339285714285714,0.9642857142857143,0.8321428571428572,0.6847457627118644,0.8013157894736842,hrnet,32,color
hrnet_32_color_lr1e-3_bs16,9.0,0.6212310543447284,0.8884834306184289,0.7281891858253459,0.5892556126337957,0.6960068527281095,0.7339285714285715,0.9607142857142857,0.8321428571428572,0.6898305084745763,0.7967105263157894,hrnet,32,color
hrnet_32_color_lr1e-3_bs4,9.0,0.6019885692347428,0.8947174851334687,0.7233049044639869,0.5888471747494415,0.6422334890285634,0.725,0.9642857142857143,0.8535714285714285,0.6915254237288135,0.7750000000000001,hrnet,32,color
hrnet_32_color_lr1e-3_bs8,7.0,0.6277305305055707,0.8979337522964433,0.7383341960826618,0.6011941947857007,0.6890593814663087,0.7367857142857144,0.9607142857142857,0.8392857142857143,0.7076271186440678,0.7848684210526315,hrnet,32,color
hrnet_32_color_lr1e-4_bs12,10.0,0.5938167483387419,0.863593931833563,0.7203651885906376,0.5412850880141956,0.6870582512300252,0.6982142857142857,0.9428571428571428,0.8071428571428572,0.6516949152542374,0.7638157894736841,hrnet,32,color
hrnet_32_color_lr1e-4_bs16,10.0,0.6102586218339052,0.8862918117822047,0.7199427914538465,0.5455778733839579,0.7149095453590751,0.6939285714285715,0.9392857142857143,0.7964285714285714,0.6305084745762712,0.7710526315789473,hrnet,32,color
hrnet_32_color_lr1e-4_bs4,10.0,0.6090095175230197,0.8952172380295981,0.7445697333870964,0.5519741159749915,0.7186243591787506,0.7160714285714286,0.95,0.8428571428571429,0.6652542372881356,0.7848684210526317,hrnet,32,color
hrnet_32_color_lr1e-4_bs8,10.0,0.5898006277737553,0.8575087152555484,0.7293798875245768,0.5141744710944407,0.706477350754242,0.6964285714285714,0.9357142857142857,0.8142857142857143,0.6364406779661017,0.7710526315789473,hrnet,32,color
hrnet_32_gray,210.0,0.36550641025778774,0.5619598737344822,0.4213462671198168,0.41694973704565047,0.37899797113525907,0.62,0.8571428571428571,0.7035714285714286,0.5533898305084747,0.6960526315789474,hrnet,32,gray
hrnet_32_gray_lr1e-2_bs12,10.0,0.1755285793527129,0.7543957468677929,0.00295974873949394,0.18452561763646802,0.18188729674307713,0.27535714285714286,0.8535714285714285,0.05357142857142857,0.2889830508474576,0.27894736842105256,hrnet,32,gray
hrnet_32_gray_lr1e-2_bs16,10.0,0.18992768629854775,0.6202622602930044,0.05651245576113353,0.19733068248528837,0.19441035726395026,0.3114285714285714,0.8107142857142857,0.17857142857142858,0.31949152542372883,0.31447368421052635,hrnet,32,gray
hrnet_32_gray_lr1e-2_bs4,5.0,0.13812859326516402,0.5725253329767868,0.015026006529309669,0.17616706822922068,0.1261650168570452,0.2432142857142857,0.7678571428571429,0.06428571428571428,0.2669491525423729,0.23486842105263156,hrnet,32,gray
hrnet_32_gray_lr1e-2_bs8,6.0,0.2760322969463103,0.7044313003697049,0.15842900675001703,0.2705589641761372,0.3197292182888155,0.375,0.8214285714285714,0.29285714285714287,0.38728813559322034,0.3828947368421053,hrnet,32,gray
hrnet_32_gray_lr1e-3_bs12,7.0,0.47738010569466927,0.6957851473014917,0.5796354553931597,0.6014051320726438,0.45101531677264256,0.7414285714285714,0.9714285714285714,0.8607142857142858,0.6991525423728813,0.7993421052631579,hrnet,32,gray
hrnet_32_gray_lr1e-3_bs16,7.0,0.5736942112500373,0.820770895505407,0.6888596630859459,0.5640358074161472,0.6238609268621927,0.7378571428571429,0.9535714285714286,0.85,0.6847457627118644,0.8059210526315791,hrnet,32,gray
hrnet_32_gray_lr1e-3_bs4,7.0,0.45355365315513113,0.7099796596757172,0.5104733059401877,0.5302280745206847,0.43248015408932333,0.7135714285714285,0.9785714285714285,0.7964285714285714,0.6788135593220339,0.7638157894736841,hrnet,32,gray
hrnet_32_gray_lr1e-3_bs8,7.0,0.5068722603317077,0.7447065059775619,0.577512749248256,0.5325923702083238,0.524427079791876,0.7378571428571428,0.9714285714285714,0.8285714285714286,0.6949152542372882,0.7934210526315789,hrnet,32,gray
hrnet_32_gray_lr1e-3_mb12_bs8,6.0,0.6110116649250474,0.8726749503837502,0.74442628774407,0.6062181257312165,0.6583361822293583,0.7375,0.9607142857142857,0.8571428571428571,0.7042372881355932,0.7894736842105263,hrnet,32,gray
hrnet_32_gray_lr1e-4_bs12,10.0,0.5448852230281748,0.8339357193625765,0.6180519586009366,0.4948452458458906,0.6337398712057176,0.6799999999999999,0.9214285714285714,0.7607142857142857,0.6288135593220339,0.7467105263157895,hrnet,32,gray
hrnet_32_gray_lr1e-4_bs16,8.0,0.5829960012399165,0.8609216018676886,0.6653092093004735,0.5290449976900845,0.674743531327256,0.6824999999999999,0.9214285714285714,0.7607142857142857,0.6322033898305085,0.7500000000000001,hrnet,32,gray
hrnet_32_gray_lr1e-4_bs4,10.0,0.605284913441725,0.882548623948336,0.7325537703554075,0.5340740158502592,0.7091141193997277,0.7132142857142857,0.95,0.8214285714285714,0.6627118644067796,0.7802631578947369,hrnet,32,gray
hrnet_32_gray_lr1e-4_bs8,10.0,0.580216089246233,0.8718656389289269,0.6995830401439972,0.5369067839121859,0.666694927995494,0.6978571428571427,0.9357142857142857,0.8071428571428572,0.6516949152542374,0.7611842105263158,hrnet,32,gray
hrnet_32_gray_step35-45,50.0,0.3182370190762741,0.46369626101145334,0.3643816071857341,0.5072280254661177,0.2710887411683411,0.7535714285714287,0.9714285714285714,0.8428571428571429,0.7135593220338984,0.8105263157894737,hrnet,32,gray
hrnet_32_gray_step40-48,45.0,0.34359472480420855,0.48675474086335774,0.4053163805939727,0.5689503197854056,0.28667696099079176,0.7689285714285715,0.975,0.8642857142857143,0.7279661016949153,0.8230263157894738,hrnet,32,gray
hrnet_3x_gray_finetune,35.0,0.39128860465406196,0.5402542608020909,0.46405937407100095,0.6021420393189757,0.3401808218356062,0.7789285714285714,0.9714285714285714,0.8821428571428571,0.7364406779661017,0.8375,hrnet,3x,gray
